index,unit1_loc,unit2_loc
1,./unit1/GPS_data/gps_location.txt,./unit2/GPS_data/gps_location_387.txt
2,./unit1/GPS_data/gps_location.txt,./unit2/GPS_data/gps_location_388.txt
3,./unit1/GPS_data/gps_location.txt,./unit2/GPS_data/gps_location_389.txt
4,./unit1/GPS_data/gps_location.txt,./unit2/GPS_data/gps_location_390.txt
5,./unit1/GPS_data/gps_location.txt,./unit2/GPS_data/gps_location_391.txt
6,./unit1/GPS_data/gps_location.txt,./unit2/GPS_data/gps_location_392.txt
7,./unit1/GPS_data/gps_location.txt,./unit2/GPS_data/gps_location_393.txt
8,./unit1/GPS_data/gps_location.txt,./unit2/GPS_data/gps_location_394.txt
9,./unit1/GPS_data/gps_location.txt,./unit2/GPS_data/gps_location_395.txt
10,./unit1/GPS_data/gps_location.txt,./unit2/GPS_data/gps_location_396.txt
11,./unit1/GPS_data/gps_location.txt,./unit2/GPS_data/gps_location_397.txt
12,./unit1/GPS_data/gps_location.txt,./unit2/GPS_data/gps_location_398.txt
13,./unit1/GPS_data/gps_location.txt,./unit2/GPS_data/gps_location_399.txt
14,./unit1/GPS_data/gps_location.txt,./unit2/GPS_data/gps_location_400.txt
15,./unit1/GPS_data/gps_location.txt,./unit2/GPS_data/gps_location_401.txt
16,./unit1/GPS_data/gps_location.txt,./unit2/GPS_data/gps_location_402.txt
17,./unit1/GPS_data/gps_location.txt,./unit2/GPS_data/gps_location_403.txt
18,./unit1/GPS_data/gps_location.txt,./unit2/GPS_data/gps_location_404.txt
19,./unit1/GPS_data/gps_location.txt,./unit2/GPS_data/gps_location_405.txt
20,./unit1/GPS_data/gps_location.txt,./unit2/GPS_data/gps_location_406.txt
21,./unit1/GPS_data/gps_location.txt,./unit2/GPS_data/gps_location_407.txt
22,./unit1/GPS_data/gps_location.txt,./unit2/GPS_data/gps_location_408.txt
23,./unit1/GPS_data/gps_location.txt,./unit2/GPS_data/gps_location_409.txt
24,./unit1/GPS_data/gps_location.txt,./unit2/GPS_data/gps_location_410.txt
25,./unit1/GPS_data/gps_location.txt,./unit2/GPS_data/gps_location_411.txt
26,./unit1/GPS_data/gps_location.txt,./unit2/GPS_data/gps_location_412.txt
27,./unit1/GPS_data/gps_location.txt,./unit2/GPS_data/gps_location_413.txt
28,./unit1/GPS_data/gps_location.txt,./unit2/GPS_data/gps_location_414.txt
29,./unit1/GPS_data/gps_location.txt,./unit2/GPS_data/gps_location_415.txt
30,./unit1/GPS_data/gps_location.txt,./unit2/GPS_data/gps_location_416.txt
31,./unit1/GPS_data/gps_location.txt,./unit2/GPS_data/gps_location_417.txt
32,./unit1/GPS_data/gps_location.txt,./unit2/GPS_data/gps_location_418.txt
33,./unit1/GPS_data/gps_location.txt,./unit2/GPS_data/gps_location_419.txt
34,./unit1/GPS_data/gps_location.txt,./unit2/GPS_data/gps_location_420.txt
35,./unit1/GPS_data/gps_location.txt,./unit2/GPS_data/gps_location_421.txt
36,./unit1/GPS_data/gps_location.txt,./unit2/GPS_data/gps_location_422.txt
37,./unit1/GPS_data/gps_location.txt,./unit2/GPS_data/gps_location_423.txt
38,./unit1/GPS_data/gps_location.txt,./unit2/GPS_data/gps_location_424.txt
39,./unit1/GPS_data/gps_location.txt,./unit2/GPS_data/gps_location_425.txt
40,./unit1/GPS_data/gps_location.txt,./unit2/GPS_data/gps_location_426.txt
41,./unit1/GPS_data/gps_location.txt,./unit2/GPS_data/gps_location_427.txt
42,./unit1/GPS_data/gps_location.txt,./unit2/GPS_data/gps_location_428.txt
43,./unit1/GPS_data/gps_location.txt,./unit2/GPS_data/gps_location_429.txt
44,./unit1/GPS_data/gps_location.txt,./unit2/GPS_data/gps_location_430.txt
45,./unit1/GPS_data/gps_location.txt,./unit2/GPS_data/gps_location_431.txt
46,./unit1/GPS_data/gps_location.txt,./unit2/GPS_data/gps_location_432.txt
47,./unit1/GPS_data/gps_location.txt,./unit2/GPS_data/gps_location_433.txt
48,./unit1/GPS_data/gps_location.txt,./unit2/GPS_data/gps_location_434.txt
49,./unit1/GPS_data/gps_location.txt,./unit2/GPS_data/gps_location_435.txt
50,./unit1/GPS_data/gps_location.txt,./unit2/GPS_data/gps_location_436.txt
51,./unit1/GPS_data/gps_location.txt,./unit2/GPS_data/gps_location_437.txt
52,./unit1/GPS_data/gps_location.txt,./unit2/GPS_data/gps_location_438.txt
53,./unit1/GPS_data/gps_location.txt,./unit2/GPS_data/gps_location_439.txt
54,./unit1/GPS_data/gps_location.txt,./unit2/GPS_data/gps_location_440.txt
55,./unit1/GPS_data/gps_location.txt,./unit2/GPS_data/gps_location_441.txt
56,./unit1/GPS_data/gps_location.txt,./unit2/GPS_data/gps_location_442.txt
57,./unit1/GPS_data/gps_location.txt,./unit2/GPS_data/gps_location_443.txt
58,./unit1/GPS_data/gps_location.txt,./unit2/GPS_data/gps_location_444.txt
59,./unit1/GPS_data/gps_location.txt,./unit2/GPS_data/gps_location_445.txt
60,./unit1/GPS_data/gps_location.txt,./unit2/GPS_data/gps_location_446.txt
61,./unit1/GPS_data/gps_location.txt,./unit2/GPS_data/gps_location_447.txt
62,./unit1/GPS_data/gps_location.txt,./unit2/GPS_data/gps_location_448.txt
63,./unit1/GPS_data/gps_location.txt,./unit2/GPS_data/gps_location_449.txt
64,./unit1/GPS_data/gps_location.txt,./unit2/GPS_data/gps_location_450.txt
65,./unit1/GPS_data/gps_location.txt,./unit2/GPS_data/gps_location_451.txt
66,./unit1/GPS_data/gps_location.txt,./unit2/GPS_data/gps_location_452.txt
67,./unit1/GPS_data/gps_location.txt,./unit2/GPS_data/gps_location_453.txt
68,./unit1/GPS_data/gps_location.txt,./unit2/GPS_data/gps_location_454.txt
69,./unit1/GPS_data/gps_location.txt,./unit2/GPS_data/gps_location_455.txt
70,./unit1/GPS_data/gps_location.txt,./unit2/GPS_data/gps_location_456.txt
71,./unit1/GPS_data/gps_location.txt,./unit2/GPS_data/gps_location_457.txt
72,./unit1/GPS_data/gps_location.txt,./unit2/GPS_data/gps_location_458.txt
73,./unit1/GPS_data/gps_location.txt,./unit2/GPS_data/gps_location_459.txt
74,./unit1/GPS_data/gps_location.txt,./unit2/GPS_data/gps_location_460.txt
75,./unit1/GPS_data/gps_location.txt,./unit2/GPS_data/gps_location_461.txt
76,./unit1/GPS_data/gps_location.txt,./unit2/GPS_data/gps_location_462.txt
77,./unit1/GPS_data/gps_location.txt,./unit2/GPS_data/gps_location_463.txt
78,./unit1/GPS_data/gps_location.txt,./unit2/GPS_data/gps_location_464.txt
79,./unit1/GPS_data/gps_location.txt,./unit2/GPS_data/gps_location_465.txt
80,./unit1/GPS_data/gps_location.txt,./unit2/GPS_data/gps_location_466.txt
81,./unit1/GPS_data/gps_location.txt,./unit2/GPS_data/gps_location_1528.txt
82,./unit1/GPS_data/gps_location.txt,./unit2/GPS_data/gps_location_1529.txt
83,./unit1/GPS_data/gps_location.txt,./unit2/GPS_data/gps_location_1530.txt
84,./unit1/GPS_data/gps_location.txt,./unit2/GPS_data/gps_location_1531.txt
85,./unit1/GPS_data/gps_location.txt,./unit2/GPS_data/gps_location_1532.txt
86,./unit1/GPS_data/gps_location.txt,./unit2/GPS_data/gps_location_1533.txt
87,./unit1/GPS_data/gps_location.txt,./unit2/GPS_data/gps_location_1534.txt
88,./unit1/GPS_data/gps_location.txt,./unit2/GPS_data/gps_location_1535.txt
89,./unit1/GPS_data/gps_location.txt,./unit2/GPS_data/gps_location_1536.txt
90,./unit1/GPS_data/gps_location.txt,./unit2/GPS_data/gps_location_1537.txt
91,./unit1/GPS_data/gps_location.txt,./unit2/GPS_data/gps_location_1538.txt
92,./unit1/GPS_data/gps_location.txt,./unit2/GPS_data/gps_location_1539.txt
93,./unit1/GPS_data/gps_location.txt,./unit2/GPS_data/gps_location_1540.txt
94,./unit1/GPS_data/gps_location.txt,./unit2/GPS_data/gps_location_1541.txt
95,./unit1/GPS_data/gps_location.txt,./unit2/GPS_data/gps_location_1542.txt
96,./unit1/GPS_data/gps_location.txt,./unit2/GPS_data/gps_location_1543.txt
97,./unit1/GPS_data/gps_location.txt,./unit2/GPS_data/gps_location_1544.txt
98,./unit1/GPS_data/gps_location.txt,./unit2/GPS_data/gps_location_1545.txt
99,./unit1/GPS_data/gps_location.txt,./unit2/GPS_data/gps_location_1546.txt
100,./unit1/GPS_data/gps_location.txt,./unit2/GPS_data/gps_location_1547.txt
101,./unit1/GPS_data/gps_location.txt,./unit2/GPS_data/gps_location_1548.txt
102,./unit1/GPS_data/gps_location.txt,./unit2/GPS_data/gps_location_1549.txt
103,./unit1/GPS_data/gps_location.txt,./unit2/GPS_data/gps_location_1550.txt
104,./unit1/GPS_data/gps_location.txt,./unit2/GPS_data/gps_location_1551.txt
105,./unit1/GPS_data/gps_location.txt,./unit2/GPS_data/gps_location_1552.txt
106,./unit1/GPS_data/gps_location.txt,./unit2/GPS_data/gps_location_1553.txt
107,./unit1/GPS_data/gps_location.txt,./unit2/GPS_data/gps_location_1554.txt
108,./unit1/GPS_data/gps_location.txt,./unit2/GPS_data/gps_location_1555.txt
109,./unit1/GPS_data/gps_location.txt,./unit2/GPS_data/gps_location_1556.txt
110,./unit1/GPS_data/gps_location.txt,./unit2/GPS_data/gps_location_1557.txt
111,./unit1/GPS_data/gps_location.txt,./unit2/GPS_data/gps_location_1558.txt
112,./unit1/GPS_data/gps_location.txt,./unit2/GPS_data/gps_location_1559.txt
113,./unit1/GPS_data/gps_location.txt,./unit2/GPS_data/gps_location_1560.txt
114,./unit1/GPS_data/gps_location.txt,./unit2/GPS_data/gps_location_1561.txt
115,./unit1/GPS_data/gps_location.txt,./unit2/GPS_data/gps_location_1562.txt
116,./unit1/GPS_data/gps_location.txt,./unit2/GPS_data/gps_location_1563.txt
117,./unit1/GPS_data/gps_location.txt,./unit2/GPS_data/gps_location_1564.txt
118,./unit1/GPS_data/gps_location.txt,./unit2/GPS_data/gps_location_1565.txt
119,./unit1/GPS_data/gps_location.txt,./unit2/GPS_data/gps_location_1566.txt
120,./unit1/GPS_data/gps_location.txt,./unit2/GPS_data/gps_location_1567.txt
121,./unit1/GPS_data/gps_location.txt,./unit2/GPS_data/gps_location_1568.txt
122,./unit1/GPS_data/gps_location.txt,./unit2/GPS_data/gps_location_1569.txt
123,./unit1/GPS_data/gps_location.txt,./unit2/GPS_data/gps_location_1570.txt
124,./unit1/GPS_data/gps_location.txt,./unit2/GPS_data/gps_location_1571.txt
125,./unit1/GPS_data/gps_location.txt,./unit2/GPS_data/gps_location_1572.txt
126,./unit1/GPS_data/gps_location.txt,./unit2/GPS_data/gps_location_1573.txt
127,./unit1/GPS_data/gps_location.txt,./unit2/GPS_data/gps_location_1574.txt
128,./unit1/GPS_data/gps_location.txt,./unit2/GPS_data/gps_location_1575.txt
129,./unit1/GPS_data/gps_location.txt,./unit2/GPS_data/gps_location_1576.txt
130,./unit1/GPS_data/gps_location.txt,./unit2/GPS_data/gps_location_1577.txt
131,./unit1/GPS_data/gps_location.txt,./unit2/GPS_data/gps_location_1578.txt
132,./unit1/GPS_data/gps_location.txt,./unit2/GPS_data/gps_location_1579.txt
133,./unit1/GPS_data/gps_location.txt,./unit2/GPS_data/gps_location_1580.txt
134,./unit1/GPS_data/gps_location.txt,./unit2/GPS_data/gps_location_1581.txt
135,./unit1/GPS_data/gps_location.txt,./unit2/GPS_data/gps_location_1582.txt
136,./unit1/GPS_data/gps_location.txt,./unit2/GPS_data/gps_location_1583.txt
137,./unit1/GPS_data/gps_location.txt,./unit2/GPS_data/gps_location_1584.txt
138,./unit1/GPS_data/gps_location.txt,./unit2/GPS_data/gps_location_1585.txt
139,./unit1/GPS_data/gps_location.txt,./unit2/GPS_data/gps_location_1586.txt
140,./unit1/GPS_data/gps_location.txt,./unit2/GPS_data/gps_location_1587.txt
141,./unit1/GPS_data/gps_location.txt,./unit2/GPS_data/gps_location_1588.txt
142,./unit1/GPS_data/gps_location.txt,./unit2/GPS_data/gps_location_1589.txt
143,./unit1/GPS_data/gps_location.txt,./unit2/GPS_data/gps_location_1590.txt
144,./unit1/GPS_data/gps_location.txt,./unit2/GPS_data/gps_location_1591.txt
145,./unit1/GPS_data/gps_location.txt,./unit2/GPS_data/gps_location_1592.txt
146,./unit1/GPS_data/gps_location.txt,./unit2/GPS_data/gps_location_1593.txt
147,./unit1/GPS_data/gps_location.txt,./unit2/GPS_data/gps_location_1594.txt
148,./unit1/GPS_data/gps_location.txt,./unit2/GPS_data/gps_location_1595.txt
149,./unit1/GPS_data/gps_location.txt,./unit2/GPS_data/gps_location_1596.txt
150,./unit1/GPS_data/gps_location.txt,./unit2/GPS_data/gps_location_1597.txt
151,./unit1/GPS_data/gps_location.txt,./unit2/GPS_data/gps_location_1598.txt
